Attrition,Age,Gender,MaritalStatus,OverTime,Job_Satisfaction,Income
No,41.0,Female,Single,Yes,Yes,71916.0
No,49.0,Male,Married,No,No,61560.0
Yes,37.0,Male,Single,Yes,Yes,25080.0
No,33.0,Female,Married,Yes,Yes,34908.0
No,27.0,Male,Married,No,No,41616.0
No,32.0,Male,Single,No,Yes,36816.0
No,59.0,Female,Married,Yes,No,32040.0
No,30.0,Male,Divorced,No,Yes,32316.0
No,38.0,Male,Single,No,Yes,114312.0
No,36.0,Male,Married,No,Yes,62844.0
No,35.0,Male,Married,No,No,29112.0
No,29.0,Female,Single,Yes,Yes,50316.0
No,31.0,Male,Divorced,No,Yes,34932.0
No,34.0,Male,Divorced,No,Yes,31932.0
Yes,28.0,Male,Single,Yes,Yes,24336.0
No,29.0,Female,Divorced,No,No,119760.0
No,32.0,Male,Divorced,Yes,No,39576.0
No,22.0,Male,Divorced,Yes,Yes,35220.0
No,53.0,Female,Married,No,Yes,185124.0
No,38.0,Male,Single,Yes,Yes,47328.0
No,24.0,Female,Divorced,No,Yes,48132.0
No,36.0,Male,Single,No,No,40884.0
No,34.0,Female,Single,No,No,143928.0
No,21.0,Male,Single,No,Yes,14784.0
No,34.0,Male,Single,No,No,35520.0
No,53.0,Female,Divorced,No,Yes,229128.0
Yes,32.0,Female,Single,Yes,No,47028.0
No,42.0,Male,Married,No,No,81900.0
No,44.0,Female,Married,No,Yes,122976.0
No,46.0,Female,Single,No,No,227364.0
No,33.0,Male,Single,No,Yes,29952.0
No,44.0,Male,Married,Yes,Yes,77580.0
No,30.0,Male,Single,No,Yes,26472.0
No,39.0,Male,Married,No,Yes,25032.0
Yes,24.0,Male,Married,Yes,Yes,27516.0
No,43.0,Female,Divorced,No,Yes,31740.0
Yes,50.0,Male,Married,Yes,Yes,32196.0
No,35.0,Female,Married,No,Yes,24168.0
No,36.0,Female,Married,Yes,No,41028.0
No,33.0,Female,Married,No,No,64512.0
No,35.0,Male,Divorced,No,Yes,23412.0
No,27.0,Female,Divorced,No,No,28092.0
Yes,26.0,Male,Single,No,Yes,27516.0
No,27.0,Male,Single,No,Yes,104712.0
No,30.0,Female,Single,No,Yes,48132.0
No,41.0,Female,Married,No,Yes,234540.0
No,34.0,Male,Single,No,Yes,54816.0
No,37.0,Male,Married,No,No,36264.0
No,46.0,Male,Single,Yes,Yes,69264.0
No,35.0,Male,Married,No,Yes,27228.0
Yes,48.0,Male,Single,Yes,Yes,64572.0
Yes,28.0,Male,Single,Yes,Yes,41292.0
No,44.0,Female,Divorced,Yes,No,65448.0
No,35.0,Male,Married,Yes,No,118608.0
Yes,26.0,Female,Married,Yes,Yes,49884.0
No,33.0,Female,Single,Yes,Yes,161496.0
No,35.0,Male,Married,No,No,108828.0
No,35.0,Female,Married,Yes,No,48168.0
No,31.0,Male,Divorced,No,Yes,70980.0
No,37.0,Male,Divorced,No,Yes,71916.0
No,32.0,Male,Married,Yes,Yes,73944.0
No,38.0,Female,Single,No,Yes,28872.0
No,50.0,Female,Divorced,Yes,Yes,224880.0
No,59.0,Female,Single,No,No,91644.0
No,36.0,Female,Divorced,No,Yes,121152.0
No,55.0,Female,Divorced,Yes,Yes,177072.0
No,36.0,Male,Single,No,No,77988.0
No,45.0,Male,Divorced,No,No,116688.0
No,35.0,Male,Married,No,No,26328.0
Yes,36.0,Male,Married,Yes,Yes,40656.0
No,59.0,Female,Single,No,Yes,65676.0
No,29.0,Male,Married,No,No,32436.0
No,31.0,Male,Single,No,No,30012.0
No,32.0,Male,Married,No,No,74640.0
No,36.0,Female,Married,No,Yes,36456.0
No,31.0,Female,Single,No,Yes,53088.0
No,35.0,Male,Single,No,No,51744.0
No,45.0,Male,Married,Yes,No,158940.0
No,37.0,Male,Single,No,Yes,163968.0
No,46.0,Male,Divorced,Yes,No,60252.0
No,30.0,Male,Married,Yes,Yes,61512.0
No,35.0,Male,Single,No,Yes,34308.0
No,55.0,Male,Married,No,Yes,122868.0
No,38.0,Female,Divorced,Yes,Yes,63948.0
No,34.0,Male,Married,No,No,51900.0
No,56.0,Male,Single,No,Yes,87120.0
No,23.0,Male,Divorced,No,No,27864.0
No,51.0,Male,Married,No,Yes,24900.0
No,30.0,Male,Married,No,Yes,49824.0
No,46.0,Male,Single,No,Yes,115428.0
No,40.0,Male,Married,No,No,162036.0
No,51.0,Male,Single,Yes,Yes,65292.0
No,30.0,Female,Divorced,Yes,No,62508.0
No,46.0,Male,Married,Yes,No,128076.0
No,32.0,Male,Single,No,Yes,60120.0
No,54.0,Female,Married,No,Yes,162588.0
No,24.0,Female,Married,No,Yes,59988.0
No,28.0,Male,Married,No,Yes,50652.0
No,58.0,Male,Single,No,Yes,166464.0
No,44.0,Male,Married,No,No,24504.0
Yes,37.0,Male,Divorced,Yes,No,24876.0
No,32.0,Male,Single,No,No,35472.0
Yes,20.0,Female,Single,Yes,Yes,35112.0
No,34.0,Female,Single,No,Yes,57708.0
No,37.0,Male,Divorced,No,Yes,61956.0
No,59.0,Female,Married,No,Yes,226128.0
No,50.0,Female,Married,Yes,No,218064.0
Yes,25.0,Male,Single,Yes,Yes,68928.0
No,25.0,Male,Married,No,Yes,34668.0
No,22.0,Female,Single,No,Yes,34452.0
No,51.0,Female,Single,No,No,89808.0
Yes,34.0,Male,Single,Yes,Yes,72888.0
No,54.0,Female,Single,Yes,Yes,207936.0
No,24.0,Male,Married,No,Yes,33288.0
No,34.0,Female,Divorced,No,No,54060.0
No,37.0,Male,Single,No,Yes,89136.0
No,34.0,Female,Single,No,No,139572.0
No,36.0,Female,Married,No,Yes,116856.0
No,36.0,Female,Divorced,No,Yes,34020.0
No,43.0,Male,Married,Yes,Yes,203508.0
No,30.0,Male,Divorced,No,Yes,31356.0
No,33.0,Male,Married,No,No,73752.0
Yes,56.0,Female,Married,Yes,No,59556.0
No,51.0,Male,Single,No,Yes,234444.0
Yes,31.0,Male,Married,Yes,Yes,74064.0
No,26.0,Female,Married,No,No,28416.0
No,58.0,Female,Married,No,Yes,123744.0
Yes,19.0,Male,Single,Yes,Yes,20100.0
No,22.0,Male,Married,No,Yes,30276.0
No,49.0,Female,Married,No,No,78804.0
No,43.0,Female,Single,No,Yes,56868.0
No,50.0,Female,Single,No,Yes,110496.0
Yes,31.0,Female,Married,Yes,Yes,54708.0
No,41.0,Male,Divorced,Yes,Yes,98268.0
No,26.0,Female,Married,No,Yes,35304.0
No,36.0,Male,Divorced,No,No,59292.0
Yes,51.0,Male,Single,No,Yes,127800.0
No,39.0,Female,Married,No,Yes,70824.0
No,25.0,Male,Married,No,Yes,103668.0
No,30.0,Male,Married,Yes,Yes,76164.0
Yes,32.0,Female,Single,No,No,50400.0
No,45.0,Male,Single,No,Yes,41424.0
No,38.0,Female,Single,Yes,Yes,51804.0
No,30.0,Female,Single,No,Yes,31584.0
No,32.0,Male,Divorced,No,Yes,56016.0
No,30.0,Female,Divorced,No,No,38448.0
No,30.0,Male,Single,No,Yes,32640.0
No,41.0,Male,Divorced,No,No,206172.0
No,41.0,Male,Married,No,No,26856.0
No,19.0,Female,Single,No,No,17796.0
No,40.0,Female,Divorced,No,No,67260.0
No,35.0,Male,Married,No,No,87540.0
No,53.0,Male,Married,Yes,Yes,27672.0
No,45.0,Male,Divorced,No,No,28176.0
No,32.0,Female,Single,No,Yes,107976.0
No,29.0,Male,Married,No,Yes,51828.0
No,51.0,Male,Married,No,Yes,73584.0
No,58.0,Female,Married,Yes,No,40152.0
No,40.0,Male,Married,No,Yes,130260.0
No,34.0,Female,Married,No,Yes,26772.0
No,22.0,Male,Married,No,Yes,27876.0
No,27.0,Male,Divorced,No,No,24288.0
No,28.0,Male,Married,No,Yes,32556.0
No,57.0,Male,Divorced,Yes,Yes,113268.0
Yes,27.0,Male,Divorced,Yes,Yes,30792.0
No,50.0,Female,Single,No,No,239112.0
No,41.0,Male,Divorced,No,Yes,29412.0
No,30.0,Female,Married,No,Yes,113028.0
No,38.0,Female,Single,No,Yes,104232.0
No,32.0,Male,Single,No,Yes,36456.0
No,27.0,Male,Married,Yes,No,36696.0
Yes,19.0,Female,Single,No,No,27900.0
No,36.0,Male,Single,No,No,25056.0
No,30.0,Male,Divorced,No,No,36864.0
No,45.0,Female,Divorced,Yes,No,60072.0
No,56.0,Female,Divorced,Yes,No,51084.0
No,33.0,Male,Single,No,Yes,30000.0
Yes,19.0,Male,Single,No,Yes,13224.0
No,46.0,Female,Divorced,No,No,125436.0
No,38.0,Female,Single,No,Yes,27456.0
No,31.0,Female,Married,Yes,Yes,47148.0
No,34.0,Female,Single,No,No,27732.0
Yes,41.0,Female,Single,Yes,No,37680.0
No,50.0,Male,Married,No,Yes,44280.0
No,53.0,Female,Divorced,No,No,53400.0
No,33.0,Female,Married,No,No,33072.0
No,40.0,Female,Married,No,Yes,228396.0
No,55.0,Male,Single,No,No,224664.0
No,34.0,Male,Married,No,Yes,114564.0
No,51.0,Female,Single,No,No,164808.0
No,52.0,Male,Married,No,Yes,239988.0
No,27.0,Female,Single,No,No,27348.0
Yes,35.0,Male,Married,Yes,Yes,70992.0
No,43.0,Male,Divorced,No,Yes,25068.0
No,45.0,Male,Married,No,Yes,201504.0
No,37.0,Male,Married,Yes,No,42768.0
No,35.0,Female,Single,No,No,53100.0
No,42.0,Female,Divorced,No,Yes,63180.0
No,38.0,Male,Married,No,Yes,78636.0
No,38.0,Male,Married,No,Yes,75132.0
No,27.0,Male,Married,No,No,51576.0
No,49.0,Male,Divorced,Yes,Yes,81648.0
No,34.0,Male,Divorced,Yes,Yes,45780.0
No,40.0,Male,Married,Yes,Yes,32892.0
Yes,38.0,Male,Married,Yes,No,80076.0
No,29.0,Female,Married,No,Yes,91668.0
No,22.0,Male,Divorced,Yes,No,27936.0
No,36.0,Female,Single,No,Yes,25836.0
No,40.0,Male,Married,No,Yes,58512.0
No,46.0,Male,Divorced,No,No,112752.0
No,32.0,Male,Married,No,Yes,124800.0
No,30.0,Male,Single,No,Yes,101688.0
No,27.0,Female,Single,No,Yes,119772.0
No,51.0,Male,Married,No,No,149880.0
Yes,30.0,Female,Single,Yes,No,31884.0
No,41.0,Female,Single,Yes,Yes,163092.0
Yes,30.0,Female,Single,No,No,80352.0
No,29.0,Male,Single,No,Yes,24696.0
No,45.0,Female,Single,No,Yes,106380.0
No,54.0,Female,Married,No,No,71280.0
No,36.0,Male,Single,No,No,70968.0
No,33.0,Female,Married,No,No,31464.0
No,37.0,Male,Divorced,Yes,Yes,146220.0
No,38.0,Male,Divorced,No,Yes,127308.0
No,31.0,Male,Married,No,Yes,52140.0
No,59.0,Male,Married,No,Yes,26124.0
No,37.0,Male,Divorced,No,Yes,33516.0
No,29.0,Female,Married,No,Yes,95016.0
No,35.0,Female,Single,No,Yes,105468.0
Yes,29.0,Male,Single,Yes,Yes,28668.0
No,52.0,Female,Single,No,Yes,38544.0
No,42.0,Male,Married,No,Yes,230784.0
No,59.0,Male,Married,No,Yes,27204.0
No,50.0,Female,Divorced,No,Yes,234204.0
Yes,33.0,Male,Married,Yes,Yes,29232.0
No,43.0,Female,Married,Yes,Yes,192768.0
Yes,33.0,Female,Married,No,No,32484.0
No,52.0,Male,Single,Yes,Yes,228816.0
No,32.0,Female,Married,No,No,47172.0
Yes,32.0,Male,Single,Yes,Yes,44760.0
No,39.0,Female,Divorced,No,Yes,26784.0
No,32.0,Male,Married,No,Yes,53580.0
No,41.0,Male,Divorced,No,No,36864.0
No,40.0,Male,Divorced,No,Yes,39828.0
No,45.0,Male,Married,No,Yes,230424.0
No,31.0,Male,Divorced,No,Yes,164100.0
No,33.0,Female,Married,No,Yes,34932.0
No,34.0,Male,Married,No,No,71484.0
No,37.0,Female,Married,No,No,47040.0
No,45.0,Male,Married,No,Yes,77208.0
No,37.0,Male,Divorced,No,Yes,120576.0
No,39.0,Female,Single,No,Yes,131256.0
No,29.0,Male,Single,No,Yes,28080.0
No,42.0,Female,Single,Yes,No,78540.0
No,29.0,Male,Divorced,No,Yes,83172.0
No,25.0,Female,Married,No,Yes,58776.0
No,42.0,Female,Divorced,Yes,No,31116.0
No,40.0,Male,Divorced,No,Yes,233232.0
No,51.0,Male,Married,No,Yes,32676.0
No,31.0,Male,Single,No,No,41748.0
No,32.0,Male,Married,No,No,33528.0
No,38.0,Male,Married,No,Yes,62988.0
No,32.0,Male,Single,No,No,26112.0
No,46.0,Female,Married,Yes,No,202464.0
Yes,28.0,Male,Single,No,Yes,41820.0
No,29.0,Male,Married,No,No,79728.0
No,31.0,Male,Married,No,Yes,66984.0
No,25.0,Male,Divorced,No,No,48000.0
No,45.0,Male,Married,Yes,Yes,161952.0
No,36.0,Male,Married,No,Yes,38520.0
No,55.0,Male,Single,Yes,No,228540.0
Yes,47.0,Male,Married,Yes,No,142188.0
No,28.0,Male,Married,No,Yes,24840.0
No,37.0,Male,Married,No,Yes,78024.0
No,21.0,Male,Single,No,Yes,38760.0
No,37.0,Female,Divorced,Yes,Yes,163236.0
No,35.0,Female,Divorced,No,No,143952.0
No,38.0,Female,Divorced,Yes,No,67260.0
No,26.0,Female,Divorced,No,No,76764.0
No,50.0,Male,Divorced,No,No,229728.0
No,53.0,Male,Married,Yes,Yes,211008.0
No,42.0,Male,Married,No,Yes,58884.0
No,29.0,Male,Single,No,Yes,54648.0
No,55.0,Male,Married,Yes,Yes,64980.0
No,26.0,Male,Married,Yes,No,56892.0
No,37.0,Female,Single,No,Yes,25380.0
Yes,44.0,Male,Divorced,Yes,Yes,37932.0
No,38.0,Male,Divorced,No,Yes,68940.0
Yes,26.0,Male,Divorced,Yes,No,28476.0
No,28.0,Female,Single,No,Yes,39720.0
No,49.0,Female,Single,Yes,No,223980.0
No,36.0,Male,Single,No,No,53820.0
No,31.0,Female,Divorced,No,No,33468.0
Yes,26.0,Male,Single,Yes,Yes,69936.0
No,37.0,Male,Married,Yes,Yes,27912.0
No,42.0,Female,Married,No,No,162300.0
No,18.0,Male,Single,No,Yes,17040.0
No,35.0,Male,Married,No,No,96240.0
No,36.0,Male,Married,No,Yes,44256.0
No,51.0,Male,Divorced,No,No,65784.0
No,41.0,Male,Single,No,No,192180.0
Yes,18.0,Female,Single,No,Yes,14400.0
No,28.0,Male,Single,No,No,67932.0
No,31.0,Male,Married,No,Yes,83148.0
No,39.0,Male,Divorced,No,Yes,115356.0
No,36.0,Female,Married,No,No,68088.0
No,32.0,Male,Married,No,Yes,65808.0
No,38.0,Female,Married,No,No,144732.0
No,58.0,Male,Divorced,Yes,Yes,67920.0
No,31.0,Male,Married,Yes,Yes,57852.0
No,31.0,Male,Married,No,No,76920.0
No,45.0,Male,Divorced,No,No,62520.0
No,31.0,Male,Divorced,Yes,Yes,32340.0
No,33.0,Female,Married,No,No,142536.0
No,39.0,Male,Married,Yes,No,204816.0
No,43.0,Female,Single,No,Yes,29460.0
No,49.0,Female,Single,Yes,Yes,167568.0
No,52.0,Male,Married,No,No,59292.0
No,27.0,Female,Single,Yes,No,29736.0
No,32.0,Female,Married,Yes,No,62736.0
No,27.0,Male,Single,Yes,Yes,53736.0
No,31.0,Male,Divorced,No,Yes,90564.0
No,32.0,Female,Single,No,Yes,60660.0
Yes,28.0,Male,Married,Yes,Yes,41568.0
No,30.0,Female,Married,No,Yes,69300.0
No,31.0,Female,Married,No,Yes,107316.0
No,39.0,Male,Married,No,Yes,231264.0
Yes,39.0,Female,Married,Yes,Yes,62856.0
No,33.0,Male,Single,No,Yes,56184.0
No,47.0,Male,Married,No,Yes,219600.0
No,43.0,Female,Divorced,No,Yes,63084.0
No,27.0,Male,Married,Yes,No,76188.0
No,54.0,Female,Single,No,Yes,58428.0
No,43.0,Female,Married,No,No,119820.0
No,45.0,Male,Married,No,Yes,44364.0
No,40.0,Male,Married,Yes,Yes,89484.0
Yes,29.0,Male,Married,Yes,No,25428.0
No,29.0,Male,Single,No,Yes,47796.0
No,30.0,Female,Divorced,No,Yes,73416.0
No,27.0,Female,Married,No,No,74568.0
No,37.0,Male,Divorced,No,Yes,76164.0
No,38.0,Male,Divorced,Yes,Yes,138120.0
No,31.0,Female,Single,Yes,Yes,85716.0
No,29.0,Female,Divorced,Yes,No,99216.0
No,35.0,Male,Single,No,No,97140.0
No,23.0,Male,Divorced,No,Yes,34848.0
No,41.0,Male,Single,Yes,No,72384.0
No,47.0,Male,Single,No,Yes,35712.0
No,42.0,Female,Single,No,Yes,191904.0
No,29.0,Male,Married,No,Yes,55788.0
No,42.0,Male,Divorced,Yes,Yes,32352.0
No,32.0,Female,Married,No,No,28440.0
No,48.0,Female,Married,No,Yes,150048.0
No,37.0,Male,Divorced,Yes,No,71688.0
Yes,30.0,Female,Married,Yes,Yes,56832.0
No,26.0,Male,Married,No,Yes,63552.0
No,42.0,Male,Single,No,Yes,81372.0
Yes,21.0,Female,Single,Yes,No,26088.0
No,36.0,Female,Single,No,Yes,79836.0
No,36.0,Male,Married,No,Yes,116388.0
No,57.0,Male,Married,No,Yes,81060.0
No,40.0,Female,Married,Yes,Yes,26556.0
No,21.0,Male,Single,No,Yes,31320.0
Yes,33.0,Female,Single,Yes,Yes,34212.0
No,37.0,Female,Married,No,No,41424.0
No,46.0,Female,Married,No,Yes,63096.0
No,41.0,Male,Single,No,No,112260.0
No,50.0,Male,Single,No,Yes,125952.0
No,40.0,Male,Married,Yes,Yes,76560.0
Yes,31.0,Male,Single,Yes,No,31884.0
Yes,21.0,Female,Single,No,No,32592.0
No,29.0,Male,Single,No,Yes,26412.0
No,35.0,Male,Single,No,No,78480.0
No,27.0,Male,Divorced,No,No,45792.0
No,28.0,Male,Single,No,Yes,63036.0
No,49.0,Male,Single,No,Yes,131580.0
No,51.0,Female,Married,No,Yes,59232.0
No,36.0,Female,Married,No,Yes,30516.0
Yes,34.0,Male,Single,Yes,Yes,63648.0
No,55.0,Female,Single,Yes,Yes,199908.0
No,24.0,Female,Divorced,Yes,Yes,51120.0
No,30.0,Male,Married,No,No,29712.0
No,26.0,Male,Single,No,No,37224.0
No,22.0,Female,Married,No,No,26928.0
No,36.0,Male,Married,No,Yes,91152.0
Yes,30.0,Male,Single,Yes,Yes,27420.0
No,37.0,Female,Divorced,No,No,36408.0
No,40.0,Female,Divorced,No,No,68580.0
No,42.0,Female,Divorced,No,No,30912.0
No,37.0,Male,Single,Yes,No,50364.0
No,43.0,Male,Divorced,No,No,172032.0
No,40.0,Female,Married,No,Yes,41376.0
No,54.0,Male,Married,No,No,232872.0
No,34.0,Female,Married,No,Yes,78456.0
No,31.0,Female,Married,No,No,51672.0
No,43.0,Male,Married,No,Yes,27096.0
No,43.0,Female,Divorced,Yes,Yes,54264.0
No,25.0,Female,Single,Yes,Yes,53844.0
No,37.0,Female,Married,Yes,Yes,53388.0
No,31.0,Male,Married,No,No,26616.0
No,39.0,Male,Divorced,Yes,Yes,230364.0
No,56.0,Female,Married,No,No,158544.0
No,30.0,Female,Single,No,Yes,78924.0
No,41.0,Male,Married,No,No,100704.0
No,28.0,Male,Divorced,No,No,54696.0
Yes,25.0,Male,Married,No,No,48372.0
No,52.0,Male,Married,Yes,Yes,95628.0
No,45.0,Male,Married,No,Yes,31848.0
No,52.0,Female,Married,No,Yes,198660.0
No,42.0,Female,Divorced,No,Yes,54672.0
No,30.0,Female,Single,No,Yes,73092.0
No,60.0,Female,Married,No,No,234792.0
No,46.0,Female,Divorced,No,Yes,57720.0
No,42.0,Female,Married,No,Yes,54276.0
Yes,24.0,Female,Single,Yes,No,38424.0
No,34.0,Female,Divorced,No,Yes,28212.0
No,38.0,Male,Married,Yes,Yes,20424.0
No,40.0,Female,Married,No,Yes,216492.0
No,26.0,Female,Divorced,No,Yes,34632.0
No,30.0,Male,Married,No,Yes,25164.0
No,29.0,Male,Married,No,Yes,143220.0
Yes,29.0,Female,Married,No,No,30552.0
Yes,19.0,Male,Single,No,Yes,30768.0
No,30.0,Female,Married,No,No,100944.0
No,57.0,Male,Divorced,No,Yes,169416.0
No,50.0,Male,Married,No,Yes,204552.0
No,30.0,Female,Single,No,Yes,30768.0
No,60.0,Female,Married,No,No,123192.0
No,47.0,Female,Divorced,No,Yes,60840.0
No,46.0,Male,Married,No,Yes,214332.0
No,35.0,Male,Single,No,Yes,50760.0
No,54.0,Female,Single,No,Yes,45360.0
No,34.0,Male,Divorced,No,Yes,33216.0
No,31.0,Male,Divorced,No,No,127776.0
Yes,33.0,Male,Married,Yes,Yes,163320.0
No,33.0,Male,Divorced,No,Yes,40896.0
No,30.0,Male,Single,No,No,35796.0
No,35.0,Male,Married,Yes,Yes,91584.0
Yes,31.0,Male,Married,No,Yes,117888.0
Yes,34.0,Female,Divorced,Yes,No,119400.0
No,42.0,Male,Married,No,Yes,25116.0
No,36.0,Male,Single,No,Yes,119760.0
No,22.0,Male,Single,No,Yes,46728.0
No,48.0,Female,Married,No,Yes,48612.0
No,55.0,Female,Single,No,No,202020.0
No,41.0,Male,Single,No,Yes,74760.0
No,35.0,Male,Married,No,Yes,56604.0
No,40.0,Female,Single,No,Yes,158844.0
No,39.0,Female,Married,No,Yes,45060.0
No,31.0,Male,Single,Yes,Yes,78984.0
No,42.0,Male,Married,Yes,No,88872.0
No,45.0,Male,Married,No,No,57660.0
Yes,26.0,Female,Divorced,Yes,Yes,32892.0
No,29.0,Male,Divorced,No,Yes,51144.0
No,33.0,Female,Divorced,No,Yes,194208.0
No,31.0,Male,Divorced,No,Yes,138684.0
Yes,18.0,Male,Single,Yes,No,22536.0
No,40.0,Male,Divorced,No,No,131184.0
No,41.0,Female,Single,Yes,Yes,81732.0
No,26.0,Male,Divorced,No,Yes,51672.0
No,35.0,Female,Single,No,Yes,58308.0
No,34.0,Male,Single,No,Yes,64044.0
Yes,26.0,Male,Single,Yes,Yes,28080.0
No,37.0,Female,Single,No,Yes,89892.0
No,46.0,Female,Married,No,Yes,126324.0
No,41.0,Female,Married,No,No,199140.0
No,37.0,Male,Divorced,No,No,106008.0
No,52.0,Male,Divorced,Yes,No,66924.0
No,32.0,Male,Married,No,Yes,56484.0
No,24.0,Male,Married,No,Yes,28800.0
No,38.0,Female,Married,No,Yes,117888.0
No,37.0,Female,Married,No,No,77364.0
No,49.0,Male,Divorced,Yes,Yes,234024.0
No,24.0,Male,Married,Yes,Yes,32700.0
No,26.0,Male,Married,No,No,75264.0
No,24.0,Male,Married,No,No,25524.0
No,50.0,Male,Married,No,No,218400.0
No,25.0,Male,Married,No,Yes,25152.0
Yes,24.0,Female,Married,Yes,Yes,34632.0
Yes,30.0,Male,Married,No,No,24396.0
No,34.0,Male,Married,Yes,Yes,43464.0
No,31.0,Male,Divorced,No,No,50796.0
No,35.0,Male,Single,No,Yes,44172.0
No,31.0,Male,Divorced,No,Yes,65520.0
No,27.0,Female,Divorced,No,Yes,26244.0
No,37.0,Male,Married,Yes,Yes,115224.0
No,42.0,Female,Married,No,Yes,49068.0
No,43.0,Male,Divorced,Yes,Yes,199524.0
No,38.0,Female,Single,No,No,31428.0
No,43.0,Male,Divorced,Yes,Yes,68148.0
No,48.0,Female,Married,No,No,184824.0
No,44.0,Female,Single,No,Yes,71820.0
No,34.0,Female,Divorced,Yes,Yes,30948.0
No,27.0,Male,Divorced,No,No,36492.0
No,21.0,Male,Single,No,Yes,41364.0
No,44.0,Male,Married,Yes,Yes,234156.0
No,22.0,Male,Married,No,Yes,33276.0
No,33.0,Male,Divorced,No,Yes,85248.0
No,32.0,Female,Married,Yes,Yes,75864.0
No,30.0,Female,Divorced,No,Yes,24996.0
No,53.0,Female,Single,No,No,100572.0
No,34.0,Male,Married,No,Yes,32292.0
Yes,45.0,Female,Married,No,No,51432.0
No,26.0,Female,Married,Yes,Yes,31908.0
No,37.0,Male,Married,No,Yes,113208.0
No,29.0,Female,Married,No,Yes,66732.0
No,35.0,Male,Single,No,Yes,79752.0
No,33.0,Male,Divorced,No,Yes,92700.0
No,54.0,Male,Married,No,No,128700.0
No,36.0,Male,Divorced,Yes,No,106164.0
No,27.0,Male,Single,No,Yes,24540.0
Yes,20.0,Male,Single,Yes,Yes,12108.0
Yes,33.0,Male,Single,Yes,No,40176.0
No,35.0,Male,Married,No,Yes,15372.0
No,23.0,Male,Married,No,No,33828.0
No,25.0,Male,Married,No,No,58212.0
No,38.0,Female,Single,No,Yes,48336.0
No,29.0,Male,Divorced,No,Yes,32640.0
No,48.0,Male,Married,No,No,97440.0
No,27.0,Female,Divorced,Yes,Yes,55764.0
No,37.0,Male,Single,No,Yes,56160.0
No,50.0,Male,Married,Yes,Yes,38652.0
No,34.0,Female,Single,No,No,103452.0
No,24.0,Female,Single,No,Yes,54924.0
No,39.0,Female,Single,No,Yes,54636.0
No,32.0,Male,Single,No,Yes,64752.0
No,50.0,Male,Married,Yes,Yes,81552.0
No,38.0,Female,Single,No,Yes,91500.0
No,27.0,Female,Married,No,No,88944.0
No,32.0,Female,Single,No,Yes,133908.0
No,47.0,Male,Single,No,No,59520.0
No,40.0,Male,Married,Yes,No,125700.0
No,53.0,Male,Married,No,Yes,177768.0
No,41.0,Male,Divorced,No,Yes,229692.0
No,60.0,Male,Single,No,No,64860.0
No,27.0,Male,Divorced,No,No,105516.0
No,41.0,Male,Married,No,Yes,230268.0
No,50.0,Male,Married,No,No,46500.0
Yes,28.0,Female,Single,Yes,No,26592.0
No,36.0,Female,Married,No,No,140556.0
No,38.0,Female,Single,Yes,Yes,94332.0
No,44.0,Male,Single,No,Yes,44496.0
No,47.0,Female,Divorced,Yes,Yes,165240.0
No,30.0,Male,Divorced,No,Yes,63648.0
No,29.0,Male,Single,No,Yes,31704.0
Yes,42.0,Male,Divorced,Yes,Yes,33108.0
No,43.0,Male,Married,No,Yes,81648.0
No,34.0,Female,Single,No,Yes,73704.0
No,23.0,Male,Married,No,No,30000.0
No,39.0,Female,Married,No,No,76668.0
No,56.0,Male,Married,No,Yes,133236.0
No,40.0,Female,Single,Yes,Yes,28104.0
No,27.0,Female,Single,No,No,81732.0
No,29.0,Male,Divorced,No,No,27564.0
No,53.0,Male,Single,No,Yes,29400.0
No,35.0,Female,Divorced,No,No,61116.0
No,32.0,Male,Married,No,Yes,63708.0
No,38.0,Male,Married,Yes,Yes,36684.0
No,34.0,Female,Divorced,No,No,61452.0
No,52.0,Male,Married,No,No,202272.0
Yes,33.0,Male,Single,Yes,Yes,32232.0
No,25.0,Female,Single,No,Yes,74160.0
No,45.0,Male,Single,No,Yes,79584.0
No,23.0,Male,Single,No,Yes,42060.0
Yes,47.0,Female,Single,Yes,Yes,76764.0
No,34.0,Male,Single,No,Yes,75288.0
Yes,55.0,Male,Married,Yes,No,238308.0
No,36.0,Male,Single,No,No,91044.0
No,52.0,Male,Married,No,Yes,51096.0
No,26.0,Female,Divorced,No,Yes,52368.0
No,29.0,Female,Married,No,Yes,52020.0
Yes,26.0,Male,Single,No,No,63912.0
No,34.0,Female,Single,No,Yes,39360.0
No,54.0,Female,Divorced,Yes,No,65820.0
No,27.0,Male,Married,No,Yes,52104.0
No,37.0,Female,Divorced,Yes,No,33384.0
No,38.0,Female,Single,Yes,No,71760.0
No,34.0,Female,Single,No,No,52572.0
No,35.0,Female,Married,No,Yes,30864.0
No,30.0,Male,Married,No,Yes,45996.0
No,40.0,Female,Married,No,No,50928.0
No,34.0,Female,Married,No,No,78000.0
No,42.0,Male,Divorced,No,Yes,221160.0
Yes,23.0,Male,Married,Yes,No,19212.0
No,24.0,Male,Divorced,No,No,32328.0
No,52.0,Female,Married,No,Yes,37788.0
No,50.0,Male,Married,No,Yes,211668.0
Yes,29.0,Female,Married,Yes,No,27828.0
No,33.0,Male,Married,No,Yes,140292.0
Yes,33.0,Female,Single,No,No,63888.0
No,47.0,Female,Married,Yes,Yes,201024.0
No,36.0,Female,Married,No,No,62736.0
No,29.0,Male,Married,No,Yes,32400.0
Yes,58.0,Male,Single,Yes,No,230952.0
No,35.0,Female,Single,No,Yes,30072.0
No,42.0,Female,Married,Yes,Yes,72744.0
No,28.0,Male,Single,No,Yes,52584.0
No,36.0,Male,Married,No,No,25716.0
No,32.0,Female,Married,No,Yes,73944.0
No,40.0,Male,Single,No,Yes,61128.0
No,30.0,Female,Single,Yes,Yes,82524.0
No,45.0,Female,Single,No,Yes,27288.0
No,42.0,Male,Married,No,No,53208.0
No,38.0,Male,Divorced,No,No,75456.0
No,34.0,Female,Single,No,Yes,30636.0
No,49.0,Female,Married,No,Yes,91848.0
No,55.0,Male,Single,No,Yes,61920.0
No,43.0,Male,Married,No,No,205908.0
No,27.0,Male,Divorced,Yes,Yes,153696.0
No,35.0,Male,Single,No,Yes,122652.0
No,28.0,Female,Married,Yes,No,57348.0
No,34.0,Male,Married,No,Yes,44844.0
Yes,26.0,Female,Married,Yes,Yes,28392.0
No,27.0,Male,Married,No,Yes,20472.0
No,51.0,Female,Married,No,Yes,195684.0
No,44.0,Male,Single,No,No,71196.0
No,25.0,Male,Single,No,No,41088.0
No,33.0,Male,Divorced,No,No,48444.0
No,35.0,Female,Single,No,No,30708.0
No,36.0,Male,Married,Yes,Yes,74412.0
No,32.0,Male,Divorced,No,Yes,52836.0
No,30.0,Male,Divorced,No,Yes,45132.0
No,53.0,Female,Married,Yes,Yes,131208.0
No,45.0,Male,Divorced,Yes,No,129132.0
No,32.0,Female,Married,No,Yes,62100.0
No,52.0,Female,Married,No,Yes,165912.0
No,37.0,Male,Divorced,No,Yes,76008.0
No,28.0,Male,Divorced,No,Yes,59232.0
No,22.0,Male,Married,No,Yes,57300.0
No,44.0,Male,Married,Yes,Yes,33816.0
No,42.0,Male,Single,Yes,Yes,30180.0
No,36.0,Male,Married,No,No,28104.0
No,25.0,Male,Married,Yes,No,50328.0
No,35.0,Female,Married,Yes,Yes,128220.0
Yes,35.0,Female,Divorced,Yes,No,24264.0
No,32.0,Male,Divorced,No,Yes,27768.0
No,25.0,Male,Married,No,No,51072.0
No,49.0,Female,Married,No,No,42960.0
No,24.0,Male,Married,No,Yes,37944.0
No,32.0,Male,Married,No,No,78288.0
No,38.0,Male,Married,No,No,34788.0
No,42.0,Female,Married,Yes,Yes,62772.0
No,31.0,Male,Married,Yes,Yes,28272.0
Yes,29.0,Female,Divorced,Yes,Yes,33600.0
No,53.0,Male,Married,No,Yes,142032.0
No,35.0,Male,Married,No,No,130836.0
No,37.0,Female,Married,No,Yes,35676.0
No,53.0,Female,Single,No,Yes,171300.0
No,43.0,Female,Married,No,Yes,66744.0
No,47.0,Female,Married,Yes,Yes,54444.0
No,37.0,Male,Single,Yes,No,91704.0
No,50.0,Male,Divorced,No,No,215088.0
No,39.0,Female,Married,No,Yes,62448.0
No,33.0,Male,Divorced,Yes,No,27324.0
Yes,32.0,Male,Single,Yes,Yes,33540.0
No,29.0,Female,Divorced,No,Yes,30384.0
No,44.0,Male,Married,Yes,No,30708.0
No,28.0,Male,Single,No,Yes,58896.0
Yes,58.0,Male,Divorced,Yes,Yes,28560.0
No,43.0,Female,Divorced,No,No,57180.0
Yes,20.0,Female,Single,No,Yes,24528.0
Yes,21.0,Female,Single,No,Yes,32316.0
No,36.0,Male,Married,Yes,Yes,79032.0
No,47.0,Female,Single,Yes,Yes,39528.0
No,22.0,Female,Married,Yes,Yes,50052.0
Yes,41.0,Female,Divorced,Yes,Yes,33336.0
No,28.0,Female,Divorced,No,Yes,28524.0
Yes,39.0,Male,Married,Yes,No,28848.0
No,27.0,Female,Single,No,Yes,27816.0
No,34.0,Male,Divorced,No,No,24096.0
No,42.0,Female,Single,No,Yes,74928.0
No,33.0,Male,Single,Yes,No,33588.0
No,58.0,Female,Divorced,Yes,No,126624.0
No,31.0,Male,Married,No,Yes,27948.0
No,35.0,Female,Married,Yes,Yes,48168.0
No,49.0,Female,Married,No,No,88836.0
No,48.0,Male,Married,No,Yes,27108.0
No,31.0,Female,Married,No,Yes,83184.0
No,36.0,Male,Single,No,Yes,56136.0
No,38.0,Female,Married,No,No,162984.0
No,32.0,Female,Married,No,No,27984.0
Yes,25.0,Male,Married,Yes,No,28956.0
No,40.0,Male,Divorced,No,No,116460.0
No,26.0,Male,Single,No,No,51528.0
No,41.0,Male,Single,Yes,No,56652.0
No,36.0,Male,Single,No,Yes,30228.0
Yes,19.0,Male,Single,Yes,No,25452.0
Yes,20.0,Male,Single,No,No,35676.0
No,31.0,Female,Married,Yes,Yes,70260.0
No,40.0,Male,Divorced,Yes,No,43404.0
No,32.0,Female,Married,No,No,80700.0
No,36.0,Male,Married,Yes,Yes,123900.0
No,33.0,Female,Single,No,Yes,83388.0
Yes,37.0,Male,Married,No,Yes,127308.0
No,45.0,Male,Married,No,No,53364.0
No,29.0,Female,Married,No,Yes,25884.0
No,35.0,Female,Married,No,Yes,55212.0
No,52.0,Male,Married,No,Yes,205188.0
No,58.0,Male,Single,No,Yes,29748.0
No,53.0,Male,Divorced,No,Yes,178224.0
No,30.0,Male,Divorced,No,Yes,87168.0
No,38.0,Female,Single,Yes,Yes,67992.0
No,35.0,Male,Divorced,No,Yes,93876.0
No,39.0,Male,Single,No,Yes,94560.0
Yes,40.0,Female,Single,Yes,No,158328.0
No,47.0,Male,Divorced,Yes,Yes,60804.0
No,36.0,Male,Divorced,No,Yes,60948.0
Yes,31.0,Male,Single,Yes,No,27852.0
No,33.0,Male,Single,No,Yes,209328.0
Yes,29.0,Female,Single,Yes,No,28848.0
No,33.0,Female,Single,No,Yes,41424.0
No,45.0,Female,Divorced,No,Yes,27240.0
No,50.0,Male,Divorced,No,Yes,208788.0
No,33.0,Female,Married,Yes,No,65856.0
No,41.0,Male,Divorced,No,Yes,233028.0
No,27.0,Female,Married,No,No,33732.0
No,45.0,Male,Married,Yes,No,43596.0
No,47.0,Female,Single,Yes,Yes,49956.0
Yes,30.0,Female,Married,Yes,Yes,25584.0
No,50.0,Male,Married,Yes,Yes,167676.0
No,38.0,Male,Married,No,Yes,32208.0
No,46.0,Male,Divorced,No,Yes,130140.0
No,24.0,Female,Divorced,No,Yes,52524.0
Yes,35.0,Male,Divorced,Yes,No,44916.0
No,31.0,Female,Married,No,No,49776.0
No,18.0,Male,Single,No,Yes,12612.0
No,54.0,Female,Married,No,Yes,128868.0
No,35.0,Female,Divorced,Yes,Yes,124656.0
No,30.0,Female,Married,Yes,No,136992.0
Yes,20.0,Female,Single,Yes,No,31200.0
No,30.0,Female,Single,No,No,29064.0
No,26.0,Male,Married,No,Yes,65664.0
No,22.0,Male,Married,No,No,29412.0
No,48.0,Male,Single,No,Yes,50880.0
No,48.0,Male,Single,No,Yes,131988.0
No,41.0,Female,Single,No,Yes,60036.0
No,27.0,Female,Married,No,Yes,50724.0
No,35.0,Male,Divorced,No,Yes,47004.0
No,42.0,Male,Married,No,Yes,219636.0
No,50.0,Male,Married,No,Yes,28560.0
No,59.0,Female,Single,Yes,Yes,164712.0
Yes,37.0,Female,Married,No,No,57324.0
No,55.0,Male,Married,Yes,No,76620.0
No,41.0,Female,Divorced,No,Yes,239676.0
No,38.0,Male,Single,Yes,Yes,82332.0
Yes,26.0,Male,Single,No,No,59628.0
No,52.0,Female,Married,No,Yes,238140.0
No,44.0,Female,Married,Yes,Yes,159840.0
No,50.0,Female,Married,No,Yes,76164.0
No,36.0,Female,Single,No,No,32916.0
No,39.0,Female,Single,Yes,No,130560.0
No,33.0,Female,Single,No,Yes,28104.0
No,45.0,Female,Married,No,Yes,211800.0
No,32.0,Female,Single,No,Yes,48300.0
No,34.0,Male,Divorced,No,Yes,116700.0
No,59.0,Male,Married,Yes,Yes,142848.0
No,45.0,Male,Single,No,No,26124.0
No,53.0,Female,Married,No,No,90300.0
No,36.0,Male,Divorced,No,Yes,58008.0
Yes,26.0,Male,Married,Yes,No,24504.0
No,34.0,Female,Married,Yes,Yes,26640.0
No,28.0,Male,Married,No,No,12624.0
No,38.0,Male,Married,No,Yes,33852.0
No,50.0,Male,Married,Yes,Yes,230844.0
No,37.0,Female,Single,No,No,49284.0
No,40.0,Male,Married,No,No,100752.0
No,26.0,Female,Divorced,No,Yes,24084.0
No,46.0,Male,Divorced,No,Yes,235524.0
No,54.0,Female,Married,No,Yes,128232.0
No,56.0,Female,Married,No,Yes,35304.0
No,36.0,Female,Single,No,Yes,106296.0
No,55.0,Male,Single,No,No,201072.0
No,43.0,Male,Divorced,No,Yes,129576.0
Yes,20.0,Female,Single,Yes,Yes,27876.0
Yes,21.0,Female,Single,No,No,16992.0
No,46.0,Female,Divorced,Yes,No,55380.0
No,51.0,Male,Married,Yes,Yes,29532.0
No,28.0,Male,Single,No,No,104664.0
No,26.0,Male,Married,No,No,47460.0
No,30.0,Male,Married,No,No,119484.0
No,41.0,Female,Married,No,Yes,40512.0
No,38.0,Female,Married,No,Yes,105876.0
No,40.0,Male,Married,No,Yes,123864.0
No,27.0,Male,Married,No,Yes,55452.0
No,55.0,Male,Married,No,No,131712.0
No,28.0,Female,Single,No,Yes,43920.0
No,44.0,Male,Married,No,No,125784.0
No,33.0,Male,Divorced,No,Yes,85428.0
Yes,35.0,Male,Single,Yes,No,114984.0
No,33.0,Female,Single,No,Yes,54096.0
No,28.0,Male,Divorced,No,Yes,26484.0
No,34.0,Male,Single,No,Yes,93072.0
No,37.0,Female,Divorced,Yes,Yes,80328.0
No,25.0,Male,Married,Yes,Yes,44292.0
Yes,26.0,Male,Divorced,No,Yes,28524.0
Yes,33.0,Male,Single,Yes,No,27756.0
No,42.0,Male,Married,No,No,211980.0
No,28.0,Male,Divorced,No,No,31152.0
No,50.0,Male,Single,Yes,Yes,56736.0
No,33.0,Female,Married,No,No,51624.0
No,34.0,Male,Married,No,Yes,35748.0
No,48.0,Male,Single,No,Yes,202620.0
No,45.0,Female,Married,No,Yes,67116.0
No,52.0,Male,Single,No,No,125340.0
No,38.0,Male,Divorced,Yes,Yes,104880.0
No,29.0,Female,Divorced,No,Yes,30168.0
No,28.0,Female,Divorced,No,No,91860.0
No,46.0,Male,Married,No,Yes,209580.0
No,38.0,Male,Single,No,No,88212.0
No,43.0,Female,Married,No,No,129840.0
No,39.0,Male,Divorced,No,Yes,146028.0
No,40.0,Male,Single,No,Yes,235512.0
Yes,21.0,Female,Single,Yes,No,24840.0
No,39.0,Male,Single,No,No,81384.0
No,36.0,Male,Single,No,Yes,93348.0
No,31.0,Male,Married,No,Yes,33492.0
No,28.0,Male,Married,No,No,38412.0
No,35.0,Male,Divorced,No,Yes,59616.0
No,49.0,Male,Married,No,No,157440.0
No,34.0,Male,Single,No,Yes,48396.0
No,29.0,Female,Divorced,No,No,39492.0
No,42.0,Male,Single,No,Yes,51264.0
No,29.0,Male,Married,Yes,Yes,60672.0
No,38.0,Male,Married,No,Yes,34128.0
No,28.0,Male,Divorced,Yes,Yes,32436.0
Yes,18.0,Male,Single,No,Yes,22848.0
Yes,33.0,Female,Single,Yes,No,98688.0
No,41.0,Male,Married,Yes,Yes,57192.0
No,31.0,Male,Married,No,Yes,31320.0
No,37.0,Female,Divorced,No,Yes,68772.0
No,27.0,Male,Married,No,Yes,30468.0
No,34.0,Female,Married,No,Yes,68568.0
No,35.0,Male,Single,No,Yes,51876.0
Yes,29.0,Female,Married,No,No,88032.0
No,40.0,Female,Single,No,Yes,161988.0
No,42.0,Male,Single,Yes,No,165096.0
No,42.0,Male,Single,No,No,61860.0
No,35.0,Male,Married,No,Yes,27096.0
No,24.0,Male,Single,No,No,43164.0
Yes,28.0,Female,Married,Yes,Yes,30180.0
No,26.0,Male,Married,No,Yes,53040.0
No,30.0,Male,Married,No,Yes,78936.0
No,40.0,Female,Married,Yes,Yes,53064.0
No,35.0,Male,Divorced,No,No,123288.0
No,34.0,Male,Single,No,No,64116.0
No,35.0,Male,Married,No,Yes,28512.0
Yes,43.0,Female,Single,No,Yes,64152.0
No,32.0,Female,Divorced,No,No,33924.0
No,56.0,Female,Divorced,No,No,239316.0
No,29.0,Female,Married,No,Yes,37572.0
No,19.0,Male,Single,No,No,30624.0
No,45.0,Female,Married,Yes,Yes,53724.0
No,37.0,Female,Married,No,Yes,77688.0
Yes,20.0,Male,Single,No,Yes,36396.0
Yes,44.0,Male,Single,Yes,Yes,35232.0
No,53.0,Female,Divorced,No,Yes,223272.0
Yes,29.0,Female,Married,Yes,Yes,26016.0
Yes,22.0,Male,Married,Yes,Yes,34236.0
No,46.0,Female,Married,No,No,204576.0
No,44.0,Male,Single,No,Yes,27480.0
No,33.0,Male,Married,No,Yes,43200.0
Yes,41.0,Male,Divorced,No,No,25284.0
No,30.0,Male,Divorced,No,No,49380.0
No,40.0,Male,Married,No,No,51924.0
No,50.0,Female,Married,No,No,214272.0
No,28.0,Male,Married,No,No,38352.0
No,46.0,Male,Married,No,No,228972.0
No,35.0,Male,Married,Yes,No,107592.0
Yes,24.0,Female,Married,No,No,26520.0
No,33.0,Female,Married,No,Yes,54468.0
No,36.0,Male,Divorced,No,Yes,32892.0
No,30.0,Male,Divorced,No,Yes,41892.0
No,44.0,Male,Single,No,Yes,54492.0
No,20.0,Male,Single,No,Yes,32136.0
No,46.0,Male,Divorced,No,Yes,88548.0
No,42.0,Male,Married,No,No,75264.0
No,60.0,Male,Divorced,Yes,Yes,62640.0
No,32.0,Female,Married,No,No,32916.0
No,32.0,Female,Single,Yes,Yes,59976.0
No,36.0,Female,Divorced,Yes,No,123024.0
No,33.0,Male,Married,No,Yes,33372.0
No,40.0,Female,Divorced,No,No,82224.0
No,25.0,Male,Single,No,Yes,59400.0
No,30.0,Male,Married,Yes,No,42948.0
No,42.0,Female,Married,Yes,No,158292.0
No,35.0,Female,Married,Yes,Yes,124524.0
No,27.0,Male,Married,Yes,No,26820.0
No,54.0,Female,Divorced,No,Yes,126024.0
No,44.0,Female,Married,No,Yes,24132.0
Yes,19.0,Female,Single,Yes,No,22308.0
No,29.0,Female,Divorced,No,Yes,45120.0
No,54.0,Male,Married,No,Yes,213348.0
No,31.0,Male,Married,Yes,No,81996.0
No,31.0,Female,Single,No,No,81744.0
No,59.0,Female,Single,No,Yes,62052.0
No,43.0,Male,Married,No,Yes,236880.0
No,49.0,Male,Married,No,Yes,224532.0
No,36.0,Male,Married,No,No,44304.0
No,48.0,Male,Single,No,No,30708.0
No,27.0,Male,Divorced,No,Yes,30204.0
No,29.0,Male,Divorced,Yes,Yes,79476.0
No,48.0,Male,Single,No,Yes,219180.0
No,29.0,Female,Divorced,No,Yes,193488.0
No,34.0,Female,Married,No,Yes,31020.0
No,44.0,Male,Married,No,No,218556.0
No,33.0,Male,Divorced,Yes,Yes,100560.0
No,19.0,Female,Single,Yes,Yes,35928.0
No,23.0,Male,Married,No,Yes,14676.0
Yes,25.0,Male,Single,Yes,Yes,13416.0
No,26.0,Male,Single,Yes,Yes,34500.0
No,45.0,Female,Single,Yes,No,225888.0
No,55.0,Male,Divorced,Yes,No,162924.0
Yes,21.0,Female,Single,No,Yes,31500.0
No,46.0,Female,Married,No,No,225468.0
No,34.0,Female,Single,Yes,No,54456.0
No,51.0,Male,Divorced,Yes,No,238164.0
No,59.0,Male,Single,No,Yes,126144.0
No,34.0,Female,Divorced,No,No,53328.0
Yes,28.0,Male,Single,Yes,Yes,25848.0
No,44.0,Male,Divorced,No,No,230280.0
No,34.0,Male,Married,No,No,53880.0
No,35.0,Male,Married,Yes,Yes,42072.0
No,42.0,Female,Married,Yes,No,28464.0
No,43.0,Female,Single,No,Yes,122772.0
No,36.0,Female,Single,Yes,No,64920.0
No,44.0,Female,Married,No,Yes,95736.0
No,28.0,Male,Married,Yes,Yes,46404.0
No,51.0,Female,Single,No,Yes,34056.0
No,30.0,Female,Single,Yes,Yes,56340.0
Yes,29.0,Female,Divorced,Yes,Yes,40068.0
No,28.0,Male,Single,No,No,24960.0
No,25.0,Female,Single,No,No,25152.0
No,32.0,Male,Married,No,Yes,74508.0
No,45.0,Female,Single,No,No,216732.0
No,39.0,Female,Divorced,Yes,No,205476.0
No,58.0,Male,Divorced,No,Yes,28464.0
No,32.0,Male,Married,No,Yes,58596.0
Yes,39.0,Male,Single,No,No,46848.0
No,30.0,Female,Married,No,Yes,55524.0
No,36.0,Female,Married,No,Yes,85128.0
No,46.0,Female,Single,No,No,41076.0
No,28.0,Female,Married,No,Yes,80088.0
No,50.0,Female,Married,Yes,No,202560.0
Yes,40.0,Male,Single,Yes,No,109128.0
Yes,52.0,Male,Single,Yes,No,101352.0
No,30.0,Female,Married,Yes,No,142992.0
No,39.0,Male,Single,No,Yes,54408.0
No,31.0,Female,Divorced,Yes,Yes,118224.0
No,41.0,Male,Single,No,No,73812.0
Yes,31.0,Female,Single,Yes,No,27624.0
No,44.0,Male,Married,No,No,28344.0
No,42.0,Male,Married,Yes,Yes,214332.0
No,55.0,Female,Married,No,Yes,230244.0
No,56.0,Male,Single,No,No,236604.0
No,40.0,Male,Divorced,No,Yes,42528.0
No,34.0,Male,Divorced,No,Yes,102000.0
No,40.0,Male,Single,No,Yes,55932.0
No,41.0,Female,Divorced,No,No,49236.0
No,35.0,Male,Single,Yes,Yes,50988.0
No,51.0,Male,Divorced,Yes,No,168312.0
No,38.0,Female,Divorced,No,No,82716.0
No,34.0,Female,Single,No,No,73500.0
No,25.0,Male,Married,No,Yes,44028.0
Yes,58.0,Female,Married,Yes,No,120096.0
No,40.0,Male,Married,No,No,28644.0
No,36.0,Female,Married,No,No,55668.0
No,48.0,Male,Single,No,Yes,94776.0
No,27.0,Female,Married,No,Yes,30408.0
No,51.0,Female,Single,No,No,157704.0
No,18.0,Female,Single,No,Yes,19332.0
No,35.0,Female,Married,No,Yes,64356.0
No,27.0,Male,Single,No,Yes,60852.0
Yes,55.0,Male,Single,Yes,Yes,164340.0
No,56.0,Male,Married,Yes,No,160824.0
No,34.0,Female,Divorced,No,Yes,24348.0
No,40.0,Female,Divorced,No,Yes,76524.0
No,34.0,Male,Married,No,Yes,65148.0
Yes,31.0,Female,Single,No,Yes,33420.0
Yes,35.0,Female,Married,Yes,Yes,55368.0
No,38.0,Male,Divorced,No,Yes,31320.0
No,34.0,Female,Single,No,Yes,80244.0
No,28.0,Male,Married,No,No,56688.0
Yes,31.0,Male,Married,Yes,Yes,74148.0
No,39.0,Male,Married,Yes,Yes,73440.0
No,51.0,Male,Married,No,No,127152.0
No,41.0,Female,Divorced,Yes,Yes,65604.0
No,37.0,Male,Married,Yes,Yes,35952.0
No,33.0,Male,Married,No,Yes,119976.0
No,32.0,Male,Married,Yes,No,48936.0
No,39.0,Male,Married,No,Yes,131040.0
No,25.0,Male,Married,No,Yes,74784.0
No,52.0,Female,Married,Yes,Yes,158964.0
No,43.0,Female,Single,Yes,Yes,48972.0
No,27.0,Female,Married,Yes,Yes,69228.0
Yes,27.0,Female,Single,Yes,Yes,28728.0
No,26.0,Male,Single,No,Yes,46848.0
No,42.0,Female,Married,No,No,201588.0
No,52.0,Female,Married,No,No,35400.0
No,37.0,Female,Single,No,Yes,43548.0
No,35.0,Male,Single,No,Yes,112344.0
No,25.0,Male,Married,No,Yes,38748.0
No,26.0,Male,Single,No,No,42936.0
No,29.0,Male,Single,No,No,95856.0
No,49.0,Male,Single,No,No,51408.0
Yes,29.0,Female,Single,Yes,Yes,90636.0
No,54.0,Female,Single,No,Yes,207936.0
No,58.0,Female,Married,Yes,No,236412.0
No,55.0,Male,Divorced,No,Yes,176784.0
No,36.0,Female,Single,Yes,No,111336.0
Yes,31.0,Female,Single,No,Yes,16308.0
No,30.0,Female,Divorced,No,No,57348.0
No,31.0,Female,Single,No,No,197064.0
No,34.0,Male,Divorced,No,No,35952.0
Yes,31.0,Female,Single,No,No,15132.0
No,27.0,Male,Married,No,No,25188.0
No,36.0,Male,Single,No,Yes,69720.0
No,36.0,Female,Married,No,No,67764.0
No,47.0,Male,Married,No,Yes,41040.0
Yes,25.0,Male,Married,No,No,52800.0
No,37.0,Male,Single,No,Yes,42000.0
No,56.0,Female,Married,No,No,24792.0
No,47.0,Female,Married,No,Yes,206028.0
No,24.0,Female,Married,Yes,Yes,49944.0
No,32.0,Male,Married,No,Yes,110448.0
No,34.0,Female,Married,No,No,39528.0
No,41.0,Male,Married,Yes,Yes,25524.0
No,40.0,Male,Divorced,No,Yes,47700.0
No,31.0,Male,Divorced,No,Yes,129516.0
No,46.0,Male,Divorced,No,Yes,121152.0
Yes,39.0,Female,Single,Yes,No,43752.0
No,31.0,Female,Single,No,No,89352.0
No,45.0,Male,Divorced,Yes,No,130212.0
No,31.0,Female,Single,No,No,25308.0
Yes,31.0,Male,Married,Yes,Yes,44664.0
No,45.0,Male,Married,Yes,Yes,112560.0
No,48.0,Male,Divorced,No,No,65832.0
No,34.0,Female,Married,No,Yes,32904.0
No,40.0,Male,Divorced,No,No,165084.0
No,28.0,Male,Single,No,No,101556.0
No,44.0,Male,Single,No,Yes,37944.0
No,53.0,Male,Single,No,No,199176.0
No,49.0,Male,Married,No,Yes,79812.0
No,40.0,Male,Divorced,No,Yes,28140.0
No,44.0,Male,Single,No,No,41040.0
No,33.0,Male,Married,No,No,52476.0
No,34.0,Male,Single,No,No,57108.0
No,30.0,Male,Married,No,Yes,63612.0
No,42.0,Female,Single,No,Yes,44076.0
No,44.0,Female,Married,No,Yes,57216.0
No,30.0,Male,Divorced,No,Yes,15288.0
No,57.0,Male,Married,No,Yes,58800.0
No,49.0,Male,Divorced,No,No,125592.0
No,34.0,Male,Divorced,No,No,204084.0
No,28.0,Male,Married,No,Yes,34908.0
Yes,29.0,Female,Single,No,No,69180.0
Yes,34.0,Female,Single,Yes,No,55188.0
No,35.0,Male,Married,No,Yes,28848.0
Yes,24.0,Male,Single,Yes,No,38064.0
No,24.0,Female,Married,No,No,24396.0
No,44.0,Male,Single,Yes,Yes,122508.0
No,29.0,Male,Divorced,No,Yes,103440.0
No,30.0,Male,Divorced,No,Yes,24768.0
No,55.0,Male,Married,Yes,Yes,48420.0
No,33.0,Female,Married,No,No,46056.0
No,47.0,Female,Married,Yes,Yes,55092.0
Yes,28.0,Male,Single,No,No,30732.0
No,28.0,Male,Divorced,No,Yes,18756.0
No,28.0,Male,Single,No,No,58776.0
No,49.0,Female,Married,No,No,57468.0
No,29.0,Female,Married,No,No,38160.0
No,28.0,Male,Married,No,No,78588.0
No,33.0,Male,Single,Yes,Yes,76656.0
No,32.0,Male,Single,No,Yes,134928.0
No,54.0,Female,Divorced,No,Yes,192384.0
Yes,29.0,Male,Single,No,No,28344.0
No,44.0,Male,Married,No,No,195936.0
No,39.0,Female,Single,No,No,100512.0
No,46.0,Female,Married,No,No,199272.0
No,35.0,Female,Single,No,No,103272.0
No,23.0,Male,Single,No,Yes,27264.0
Yes,40.0,Male,Single,No,No,24216.0
No,34.0,Male,Married,Yes,Yes,84996.0
Yes,31.0,Female,Single,No,Yes,49008.0
No,50.0,Male,Single,Yes,Yes,172932.0
No,34.0,Male,Married,Yes,Yes,27696.0
No,42.0,Male,Married,No,No,58092.0
No,37.0,Male,Married,No,Yes,51420.0
No,29.0,Female,Married,No,No,116580.0
No,33.0,Male,Single,No,No,51840.0
No,45.0,Male,Married,No,Yes,25584.0
No,42.0,Male,Married,Yes,Yes,121488.0
No,40.0,Male,Married,No,No,65676.0
No,33.0,Male,Married,Yes,Yes,62484.0
No,40.0,Male,Single,Yes,Yes,197244.0
No,24.0,Male,Divorced,No,No,27552.0
No,40.0,Male,Divorced,Yes,Yes,48828.0
No,45.0,Male,Divorced,No,No,89292.0
No,35.0,Female,Married,No,Yes,29160.0
No,32.0,Female,Married,No,No,70536.0
No,36.0,Male,Single,Yes,Yes,31728.0
No,48.0,Female,Divorced,No,Yes,77268.0
No,29.0,Male,Married,No,Yes,29412.0
No,33.0,Male,Married,No,No,76704.0
No,30.0,Male,Married,No,No,116568.0
No,38.0,Male,Married,No,Yes,72924.0
No,35.0,Male,Single,No,No,29400.0
No,30.0,Male,Married,No,No,111000.0
Yes,35.0,Female,Divorced,Yes,No,24888.0
No,53.0,Female,Married,No,Yes,122028.0
No,38.0,Male,Married,No,No,58260.0
No,32.0,Male,Married,No,No,49044.0
No,48.0,Female,Married,No,No,28404.0
No,34.0,Male,Single,No,Yes,35664.0
No,55.0,Male,Married,No,Yes,235032.0
No,34.0,Male,Married,No,Yes,65808.0
No,26.0,Female,Married,No,Yes,24732.0
No,38.0,Male,Married,No,No,119088.0
No,38.0,Female,Single,No,No,50376.0
No,36.0,Female,Single,No,Yes,81780.0
No,29.0,Male,Single,Yes,No,56676.0
No,35.0,Female,Single,Yes,Yes,73704.0
No,39.0,Male,Married,No,Yes,98844.0
No,29.0,Male,Divorced,No,Yes,106236.0
No,50.0,Male,Married,Yes,Yes,231972.0
No,23.0,Male,Married,No,Yes,24876.0
No,36.0,Male,Married,Yes,No,66744.0
No,42.0,Male,Single,No,Yes,235356.0
No,35.0,Male,Married,No,Yes,40884.0
No,34.0,Male,Married,No,Yes,60756.0
No,40.0,Female,Married,No,No,55668.0
No,43.0,Male,Divorced,No,No,58512.0
No,35.0,Male,Married,No,Yes,32280.0
No,46.0,Male,Single,No,No,210804.0
Yes,28.0,Male,Married,Yes,No,28896.0
Yes,22.0,Female,Married,Yes,Yes,33768.0
No,50.0,Male,Married,Yes,Yes,134940.0
No,32.0,Female,Married,No,Yes,39744.0
No,44.0,Female,Divorced,Yes,Yes,228588.0
No,30.0,Male,Married,No,No,25692.0
No,45.0,Female,Single,Yes,No,69228.0
No,45.0,Male,Married,No,No,52620.0
No,31.0,Male,Single,No,No,63984.0
No,36.0,Female,Married,Yes,Yes,55956.0
No,34.0,Male,Divorced,No,Yes,56688.0
No,49.0,Female,Married,No,No,38532.0
No,39.0,Male,Married,No,No,64524.0
No,27.0,Male,Divorced,No,No,48792.0
No,35.0,Male,Married,No,No,62496.0
No,28.0,Female,Divorced,No,No,58524.0
No,21.0,Male,Single,No,Yes,37404.0
Yes,18.0,Female,Single,Yes,Yes,18828.0
No,47.0,Female,Married,No,Yes,235896.0
No,39.0,Male,Divorced,No,Yes,36828.0
No,40.0,Female,Married,No,Yes,125220.0
No,35.0,Female,Married,No,Yes,49776.0
No,37.0,Male,Married,No,Yes,69216.0
No,39.0,Female,Single,No,Yes,60504.0
No,45.0,Female,Divorced,No,Yes,69240.0
No,38.0,Female,Married,Yes,Yes,93072.0
No,35.0,Male,Married,No,No,123672.0
No,37.0,Female,Married,No,No,47232.0
No,40.0,Female,Single,Yes,Yes,95340.0
No,44.0,Male,Married,Yes,Yes,68916.0
No,48.0,Male,Married,No,Yes,182424.0
Yes,35.0,Male,Divorced,Yes,Yes,65280.0
Yes,24.0,Female,Single,Yes,Yes,45120.0
No,27.0,Female,Married,No,Yes,42204.0
No,27.0,Male,Single,No,Yes,30960.0
Yes,40.0,Male,Single,Yes,No,25992.0
No,29.0,Male,Single,No,Yes,70428.0
No,36.0,Female,Married,No,No,96096.0
No,25.0,Male,Divorced,No,Yes,62472.0
No,39.0,Male,Married,No,No,63540.0
No,49.0,Female,Married,No,No,196956.0
No,50.0,Female,Divorced,No,No,159228.0
No,20.0,Female,Single,No,Yes,33396.0
No,34.0,Female,Divorced,No,No,65196.0
No,36.0,Male,Single,No,No,24156.0
No,49.0,Female,Married,Yes,Yes,167592.0
No,36.0,Female,Married,No,Yes,52488.0
No,36.0,Male,Divorced,No,No,82104.0
No,54.0,Female,Married,No,Yes,209112.0
No,43.0,Male,Married,No,Yes,211236.0
No,35.0,Male,Single,Yes,Yes,54972.0
No,38.0,Male,Married,No,Yes,56820.0
No,29.0,Male,Divorced,Yes,No,50244.0
No,33.0,Male,Divorced,No,Yes,66060.0
No,32.0,Male,Divorced,No,No,65640.0
No,31.0,Female,Married,No,Yes,65712.0
No,49.0,Female,Divorced,Yes,No,31044.0
No,38.0,Female,Single,No,No,29280.0
No,47.0,Female,Divorced,No,No,191664.0
No,49.0,Male,Single,No,Yes,184548.0
No,41.0,Male,Single,Yes,Yes,84984.0
No,20.0,Male,Single,No,No,32736.0
No,33.0,Female,Divorced,Yes,Yes,64416.0
No,36.0,Male,Married,No,Yes,64164.0
No,44.0,Female,Divorced,Yes,Yes,38340.0
Yes,23.0,Male,Single,Yes,Yes,47868.0
No,38.0,Female,Married,No,Yes,39672.0
No,53.0,Male,Married,No,Yes,84060.0
No,48.0,Female,Married,Yes,Yes,31860.0
No,32.0,Male,Single,No,No,16716.0
No,26.0,Male,Single,No,Yes,30840.0
No,55.0,Male,Divorced,No,No,42444.0
No,34.0,Male,Married,No,Yes,47832.0
No,60.0,Male,Divorced,No,Yes,130596.0
No,33.0,Male,Married,No,No,24336.0
No,37.0,Male,Divorced,No,Yes,114300.0
No,34.0,Female,Married,No,Yes,35148.0
No,23.0,Male,Divorced,Yes,Yes,27300.0
No,44.0,Female,Married,Yes,Yes,94548.0
No,35.0,Male,Single,Yes,Yes,59160.0
No,43.0,Male,Married,Yes,Yes,94164.0
No,24.0,Male,Married,No,Yes,52812.0
No,41.0,Male,Single,No,Yes,110892.0
No,29.0,Female,Married,No,Yes,35688.0
No,36.0,Female,Single,No,Yes,54024.0
No,45.0,Male,Married,No,Yes,128976.0
Yes,24.0,Male,Married,No,Yes,18660.0
Yes,47.0,Male,Married,No,Yes,155232.0
No,26.0,Male,Married,No,Yes,27660.0
No,45.0,Female,Single,No,No,200448.0
No,32.0,Male,Married,No,Yes,41196.0
No,31.0,Male,Married,No,Yes,41724.0
No,41.0,Male,Married,No,No,77160.0
No,40.0,Female,Married,Yes,No,78192.0
No,24.0,Male,Divorced,No,No,46884.0
No,46.0,Male,Single,No,No,66744.0
No,35.0,Male,Married,No,Yes,82596.0
No,30.0,Male,Married,No,Yes,34344.0
No,47.0,Male,Married,No,No,59736.0
No,46.0,Male,Divorced,Yes,Yes,124416.0
No,36.0,Male,Divorced,Yes,No,73608.0
Yes,32.0,Male,Single,No,No,80820.0
No,23.0,Female,Single,No,No,39540.0
No,31.0,Female,Single,No,Yes,62856.0
No,39.0,Male,Married,Yes,Yes,77664.0
No,32.0,Male,Married,No,Yes,115320.0
No,40.0,Male,Single,No,No,237996.0
No,45.0,Female,Married,No,Yes,117072.0
No,30.0,Female,Single,No,No,59616.0
No,24.0,Male,Married,No,Yes,25740.0
Yes,30.0,Female,Divorced,No,Yes,26160.0
No,31.0,Male,Married,No,Yes,100152.0
No,27.0,Female,Single,No,Yes,41340.0
Yes,29.0,Female,Single,No,No,33120.0
No,29.0,Male,Single,Yes,Yes,75528.0
No,30.0,Male,Divorced,No,No,85680.0
No,34.0,Male,Married,Yes,Yes,35184.0
No,33.0,Female,Single,No,No,61764.0
No,49.0,Female,Single,No,Yes,54084.0
Yes,33.0,Female,Single,Yes,No,102768.0
No,38.0,Female,Married,No,No,29616.0
Yes,31.0,Male,Married,No,Yes,97932.0
No,29.0,Female,Divorced,No,No,25308.0
No,30.0,Male,Married,No,Yes,63528.0
No,32.0,Male,Single,No,No,32616.0
No,38.0,Male,Married,Yes,Yes,69732.0
Yes,43.0,Male,Married,Yes,Yes,29244.0
No,42.0,Male,Divorced,No,No,33192.0
No,55.0,Male,Married,No,No,228456.0
No,33.0,Male,Divorced,No,No,36660.0
No,41.0,Male,Divorced,No,No,27468.0
No,34.0,Male,Divorced,Yes,Yes,48012.0
No,53.0,Female,Married,Yes,Yes,155580.0
No,43.0,Male,Single,No,Yes,42468.0
No,34.0,Female,Single,No,Yes,72348.0
Yes,21.0,Male,Single,No,No,32148.0
No,38.0,Female,Married,No,Yes,44424.0
Yes,22.0,Female,Married,Yes,No,28776.0
No,31.0,Female,Married,No,Yes,65616.0
No,51.0,Female,Married,No,Yes,157392.0
No,37.0,Male,Married,No,No,50268.0
No,46.0,Male,Divorced,Yes,Yes,231936.0
No,36.0,Male,Married,Yes,No,99852.0
No,44.0,Male,Divorced,Yes,No,28104.0
No,37.0,Male,Divorced,No,No,48852.0
Yes,35.0,Male,Single,Yes,Yes,69756.0
No,33.0,Male,Married,No,No,37716.0
No,28.0,Male,Married,No,Yes,24528.0
No,39.0,Male,Single,No,Yes,161568.0
No,46.0,Male,Single,No,No,95892.0
No,40.0,Female,Married,No,No,40524.0
No,42.0,Male,Married,No,No,66456.0
No,35.0,Male,Divorced,No,Yes,69144.0
No,38.0,Male,Divorced,No,No,31104.0
No,34.0,Male,Married,No,No,64152.0
No,37.0,Male,Single,No,No,50556.0
No,39.0,Male,Divorced,No,Yes,49524.0
No,43.0,Male,Single,No,Yes,29256.0
No,41.0,Male,Single,No,No,82440.0
No,41.0,Female,Divorced,Yes,Yes,125364.0
No,30.0,Female,Single,No,Yes,116004.0
No,26.0,Female,Married,Yes,No,25776.0
No,46.0,Female,Married,No,No,107112.0
No,40.0,Female,Divorced,No,Yes,78156.0
No,34.0,Male,Married,No,Yes,81588.0
No,58.0,Male,Divorced,No,No,195492.0
No,35.0,Male,Married,No,Yes,32460.0
No,47.0,Female,Divorced,Yes,No,123996.0
No,40.0,Female,Divorced,No,No,53376.0
No,54.0,Female,Married,No,Yes,82248.0
No,31.0,Female,Married,No,No,115644.0
No,28.0,Female,Married,No,No,43092.0
No,38.0,Female,Married,Yes,Yes,64860.0
No,26.0,Male,Single,No,Yes,56208.0
No,58.0,Male,Married,Yes,Yes,189444.0
Yes,18.0,Female,Single,No,Yes,18168.0
No,31.0,Male,Married,No,No,35472.0
Yes,29.0,Male,Divorced,Yes,No,28020.0
No,45.0,Female,Married,No,Yes,61848.0
No,36.0,Female,Married,Yes,No,83544.0
No,43.0,Male,Married,No,Yes,68100.0
No,27.0,Female,Single,Yes,Yes,28548.0
No,29.0,Male,Married,No,Yes,45744.0
No,32.0,Male,Single,No,Yes,55776.0
No,42.0,Male,Married,No,Yes,35232.0
No,47.0,Female,Single,No,Yes,25260.0
No,46.0,Male,Divorced,No,Yes,102936.0
No,28.0,Male,Divorced,No,Yes,32472.0
No,29.0,Male,Divorced,No,Yes,76608.0
No,42.0,Male,Single,No,Yes,47616.0
Yes,32.0,Male,Single,Yes,No,118884.0
No,46.0,Female,Divorced,No,No,158700.0
No,27.0,Female,Married,No,Yes,42480.0
No,29.0,Male,Married,No,No,33648.0
No,43.0,Female,Married,No,Yes,232704.0
No,48.0,Male,Married,No,No,235980.0
Yes,29.0,Male,Single,Yes,Yes,29268.0
No,46.0,Female,Married,No,No,87768.0
No,27.0,Female,Married,No,No,57288.0
No,39.0,Male,Divorced,No,Yes,46824.0
No,55.0,Male,Married,No,Yes,31944.0
No,28.0,Female,Married,No,No,34272.0
Yes,30.0,Male,Single,No,Yes,12972.0
Yes,22.0,Male,Single,Yes,No,29664.0
No,36.0,Female,Married,Yes,Yes,68076.0
No,31.0,Male,Divorced,No,Yes,50364.0
No,34.0,Male,Married,Yes,Yes,116556.0
No,29.0,Male,Single,No,No,24744.0
No,37.0,Male,Married,Yes,No,51408.0
No,35.0,Female,Married,Yes,No,57456.0
No,45.0,Female,Married,No,Yes,70872.0
No,36.0,Male,Single,No,Yes,46632.0
No,40.0,Male,Divorced,No,No,201876.0
No,26.0,Female,Married,Yes,Yes,35196.0
No,48.0,Female,Divorced,No,Yes,206088.0
No,44.0,Male,Married,No,No,60396.0
Yes,34.0,Male,Married,Yes,No,27684.0
Yes,56.0,Male,Single,No,Yes,31044.0
No,36.0,Male,Married,No,No,66084.0
No,41.0,Female,Married,No,No,52716.0
No,42.0,Male,Married,No,No,160176.0
No,31.0,Female,Divorced,Yes,Yes,78996.0
No,34.0,Female,Married,Yes,Yes,97236.0
No,31.0,Female,Divorced,No,Yes,47736.0
No,26.0,Male,Married,No,Yes,30528.0
No,45.0,Male,Single,No,Yes,64788.0
No,33.0,Male,Single,No,Yes,65844.0
No,28.0,Male,Married,Yes,Yes,82008.0
Yes,29.0,Male,Single,No,No,13092.0
No,39.0,Female,Married,No,Yes,68832.0
No,27.0,Male,Married,No,No,26712.0
No,34.0,Male,Married,Yes,Yes,68964.0
Yes,28.0,Female,Single,Yes,Yes,118248.0
No,47.0,Male,Married,No,No,65604.0
No,56.0,Female,Married,No,No,64560.0
No,39.0,Male,Married,No,No,61812.0
No,38.0,Female,Divorced,Yes,No,25596.0
No,58.0,Female,Married,Yes,Yes,214500.0
Yes,32.0,Female,Single,Yes,Yes,29184.0
No,38.0,Male,Divorced,No,Yes,57252.0
No,49.0,Male,Married,No,Yes,229932.0
No,42.0,Male,Divorced,Yes,Yes,61044.0
Yes,27.0,Female,Married,No,No,34356.0
No,35.0,Male,Married,No,No,66732.0
No,28.0,Male,Single,No,Yes,25728.0
No,31.0,Male,Divorced,Yes,No,36780.0
No,36.0,Male,Married,No,No,33720.0
No,34.0,Male,Single,No,Yes,118656.0
No,34.0,Male,Divorced,No,Yes,103536.0
No,26.0,Male,Single,No,No,34404.0
No,29.0,Male,Married,No,No,64476.0
No,32.0,Female,Divorced,No,Yes,80004.0
No,31.0,Male,Married,No,No,60036.0
No,28.0,Male,Divorced,No,Yes,28404.0
No,38.0,Male,Single,No,No,34296.0
No,35.0,Female,Married,Yes,Yes,62448.0
No,27.0,Male,Single,No,Yes,49260.0
No,32.0,Male,Single,No,Yes,116148.0
Yes,31.0,Male,Married,Yes,Yes,67404.0
Yes,53.0,Male,Single,Yes,No,125376.0
No,54.0,Female,Married,No,Yes,34764.0
No,33.0,Male,Divorced,No,Yes,71616.0
No,43.0,Male,Married,No,Yes,90120.0
No,38.0,Male,Married,Yes,No,35892.0
No,55.0,Male,Married,Yes,No,235632.0
No,31.0,Female,Divorced,Yes,Yes,13548.0
No,39.0,Male,Single,No,No,160092.0
No,42.0,Male,Single,No,Yes,51984.0
No,31.0,Female,Married,No,Yes,132372.0
No,54.0,Female,Single,Yes,No,53280.0
No,24.0,Male,Single,No,Yes,55404.0
No,23.0,Male,Single,No,Yes,31764.0
No,40.0,Female,Married,No,Yes,75876.0
No,40.0,Female,Married,No,No,68124.0
No,25.0,Female,Married,No,No,26244.0
No,30.0,Male,Married,No,No,44976.0
No,25.0,Male,Divorced,Yes,Yes,47724.0
No,47.0,Male,Single,No,Yes,103596.0
No,33.0,Male,Divorced,No,Yes,24096.0
No,38.0,Male,Married,No,No,53280.0
No,31.0,Male,Married,No,Yes,36804.0
No,38.0,Male,Married,No,Yes,63852.0
No,42.0,Male,Divorced,Yes,No,64920.0
No,41.0,Male,Married,No,Yes,33384.0
No,47.0,Female,Married,No,No,143484.0
No,35.0,Male,Married,Yes,Yes,31920.0
No,22.0,Male,Single,No,Yes,40500.0
No,35.0,Male,Single,No,Yes,61176.0
No,33.0,Female,Married,Yes,Yes,58536.0
No,32.0,Female,Single,No,No,34044.0
No,40.0,Male,Married,No,Yes,28872.0
No,32.0,Male,Married,No,No,27228.0
No,39.0,Male,Single,No,Yes,49296.0
No,38.0,Female,Married,No,Yes,158472.0
No,32.0,Female,Married,No,Yes,125064.0
No,37.0,Female,Married,Yes,Yes,164928.0
No,25.0,Female,Divorced,Yes,Yes,58884.0
No,52.0,Male,Divorced,No,Yes,41784.0
No,44.0,Male,Single,Yes,Yes,29232.0
Yes,21.0,Male,Single,Yes,No,28560.0
No,39.0,Male,Single,No,Yes,233172.0
Yes,23.0,Male,Married,No,No,21480.0
No,36.0,Female,Married,No,Yes,91728.0
No,36.0,Female,Divorced,No,No,61572.0
No,56.0,Male,Divorced,No,Yes,75672.0
Yes,29.0,Male,Married,Yes,Yes,57444.0
No,42.0,Male,Married,No,Yes,226560.0
No,56.0,Male,Married,No,Yes,28068.0
No,41.0,Female,Married,No,No,162840.0
No,34.0,Female,Married,No,Yes,80544.0
No,36.0,Male,Divorced,No,Yes,64872.0
No,41.0,Male,Divorced,No,No,107256.0
No,32.0,Male,Single,No,No,29268.0
No,35.0,Female,Single,Yes,Yes,106044.0
No,38.0,Female,Married,No,Yes,64116.0
No,50.0,Male,Divorced,No,Yes,80736.0
No,36.0,Female,Married,No,Yes,79824.0
No,45.0,Female,Single,No,Yes,58200.0
No,40.0,Male,Single,No,Yes,33708.0
No,35.0,Male,Married,Yes,Yes,68268.0
No,40.0,Female,Married,No,Yes,24012.0
No,35.0,Female,Married,No,Yes,35724.0
No,29.0,Male,Married,Yes,No,48300.0
No,29.0,Female,Single,No,No,45420.0
Yes,50.0,Male,Divorced,Yes,No,130248.0
No,39.0,Female,Married,No,Yes,144372.0
No,31.0,Male,Single,No,No,119232.0
No,26.0,Female,Single,No,Yes,35592.0
No,36.0,Male,Married,No,Yes,30852.0
No,39.0,Male,Married,No,No,119892.0
No,27.0,Male,Married,Yes,No,73704.0
No,49.0,Male,Married,No,No,64680.0
No,34.0,Male,Married,No,Yes,52848.0
No,37.0,Male,Divorced,No,Yes,71916.0
No,40.0,Female,Married,No,Yes,216492.0
No,45.0,Female,Divorced,No,Yes,69240.0
No,39.0,Female,Married,No,Yes,152904.0
No,56.0,Male,Divorced,No,Yes,75672.0
No,49.0,Male,Divorced,No,No,125592.0
No,36.0,Female,Married,No,No,96096.0
No,38.0,Male,Married,No,Yes,56820.0
No,53.0,Female,Married,No,Yes,122028.0
No,36.0,Male,Divorced,No,Yes,60948.0
No,40.0,Female,Married,No,No,50928.0
No,24.0,Female,Divorced,No,Yes,52524.0
No,41.0,Male,Married,No,Yes,230268.0
No,32.0,Female,Single,No,Yes,133908.0
No,54.0,Male,Married,No,Yes,213348.0
No,40.0,Female,Married,No,No,68124.0
No,43.0,Male,Married,No,Yes,211236.0
No,35.0,Male,Divorced,No,No,123288.0
No,58.0,Female,Divorced,Yes,No,126624.0
No,32.0,Male,Married,No,No,49044.0
No,27.0,Female,Married,No,No,88944.0
No,29.0,Male,Divorced,Yes,Yes,79476.0
No,47.0,Female,Divorced,No,No,191664.0
No,44.0,Male,Married,No,No,218556.0
No,52.0,Male,Married,No,Yes,51096.0
No,41.0,Male,Divorced,No,No,107256.0
No,34.0,Male,Married,No,Yes,32292.0
No,39.0,Male,Divorced,Yes,Yes,230364.0
No,42.0,Male,Married,No,No,53208.0
No,50.0,Female,Divorced,No,Yes,234204.0
No,46.0,Female,Married,No,Yes,63096.0
No,45.0,Male,Married,No,Yes,31848.0
No,31.0,Female,Married,No,Yes,65712.0
No,29.0,Female,Divorced,No,No,119760.0
No,41.0,Male,Married,No,No,100704.0
No,38.0,Female,Married,No,Yes,64116.0
No,53.0,Female,Married,No,Yes,185124.0
No,35.0,Male,Divorced,No,Yes,59616.0
No,49.0,Female,Married,Yes,Yes,167592.0
No,40.0,Female,Married,Yes,No,78192.0
No,46.0,Female,Divorced,No,No,158700.0
No,58.0,Female,Married,Yes,No,236412.0
No,48.0,Male,Married,No,Yes,182424.0
No,29.0,Female,Divorced,No,Yes,45120.0
No,31.0,Male,Divorced,No,Yes,70980.0
No,38.0,Male,Married,No,Yes,33852.0
No,29.0,Male,Married,No,No,64476.0
No,36.0,Male,Single,No,Yes,56136.0
No,42.0,Male,Married,No,No,211980.0
No,25.0,Male,Married,No,No,58212.0
No,48.0,Male,Single,No,Yes,219180.0
No,38.0,Male,Married,No,Yes,63852.0
No,43.0,Female,Divorced,Yes,Yes,54264.0
No,53.0,Male,Married,Yes,Yes,211008.0
No,54.0,Male,Married,No,No,232872.0
No,47.0,Male,Single,No,Yes,103596.0
No,31.0,Female,Married,No,No,51672.0
No,23.0,Male,Divorced,No,Yes,34848.0
No,40.0,Female,Divorced,No,Yes,76524.0
No,32.0,Female,Married,No,Yes,125064.0
No,26.0,Male,Married,No,Yes,63552.0
No,28.0,Male,Divorced,No,Yes,32472.0
No,29.0,Male,Divorced,No,Yes,51144.0
No,22.0,Male,Single,No,Yes,40500.0
No,37.0,Male,Married,No,Yes,51420.0
No,43.0,Female,Married,Yes,Yes,192768.0
No,39.0,Female,Single,No,Yes,131256.0
No,33.0,Female,Married,No,No,64512.0
No,34.0,Female,Single,No,No,52572.0
No,39.0,Female,Married,No,Yes,45060.0
No,31.0,Male,Married,No,Yes,36804.0
No,48.0,Female,Married,No,Yes,48612.0
No,53.0,Female,Single,No,Yes,171300.0
No,28.0,Male,Married,No,Yes,50652.0
No,45.0,Male,Married,No,Yes,201504.0
No,29.0,Male,Married,Yes,Yes,60672.0
No,34.0,Female,Married,No,Yes,80544.0
No,27.0,Male,Divorced,Yes,Yes,153696.0
No,30.0,Female,Divorced,No,No,38448.0
No,34.0,Female,Married,No,Yes,35148.0
No,31.0,Male,Divorced,No,Yes,34932.0
No,27.0,Male,Married,No,Yes,52104.0
No,38.0,Female,Single,No,No,50376.0
No,27.0,Female,Divorced,Yes,Yes,55764.0
No,55.0,Male,Single,No,No,201072.0
No,52.0,Male,Married,Yes,Yes,95628.0
No,35.0,Female,Single,No,No,103272.0
No,53.0,Male,Single,No,Yes,29400.0
No,43.0,Female,Divorced,No,Yes,63084.0
No,27.0,Male,Divorced,No,No,36492.0
No,38.0,Female,Married,No,No,29616.0
No,36.0,Female,Married,No,No,55668.0
No,46.0,Female,Married,Yes,Yes,108852.0
No,51.0,Male,Single,No,Yes,234444.0
No,27.0,Male,Single,No,Yes,49260.0
No,30.0,Female,Married,No,Yes,55524.0
No,28.0,Male,Single,No,Yes,58896.0
No,36.0,Male,Married,No,Yes,30852.0
No,31.0,Female,Married,No,Yes,83184.0
No,37.0,Male,Divorced,No,Yes,76008.0
No,35.0,Male,Married,Yes,Yes,91584.0
No,49.0,Male,Married,No,Yes,224532.0
No,49.0,Female,Married,No,No,38532.0
No,42.0,Female,Single,No,Yes,44076.0
No,31.0,Male,Married,Yes,No,81996.0
No,30.0,Male,Single,No,Yes,32640.0
No,35.0,Male,Married,No,Yes,56604.0
No,28.0,Female,Single,No,Yes,43920.0
No,39.0,Male,Single,No,No,46848.0
No,48.0,Male,Married,No,No,97440.0
No,34.0,Female,Married,No,No,39528.0
No,55.0,Female,Married,No,Yes,230244.0
No,38.0,Male,Divorced,No,No,31104.0
No,37.0,Female,Divorced,Yes,Yes,80328.0
No,29.0,Male,Single,No,Yes,28080.0
No,35.0,Male,Married,No,Yes,15372.0
No,33.0,Female,Married,No,Yes,54468.0
No,36.0,Female,Single,No,Yes,54024.0
No,23.0,Male,Married,No,Yes,24876.0
No,32.0,Male,Single,No,Yes,36816.0
No,36.0,Female,Single,No,Yes,81780.0
No,42.0,Male,Married,Yes,Yes,121488.0
No,55.0,Male,Married,Yes,No,76620.0
No,35.0,Male,Married,Yes,Yes,42072.0
No,40.0,Female,Married,No,Yes,75876.0
No,28.0,Male,Single,No,No,104664.0
No,37.0,Male,Divorced,No,Yes,120576.0
No,40.0,Male,Single,Yes,Yes,197244.0
No,28.0,Male,Married,No,Yes,32556.0
No,28.0,Female,Married,No,Yes,80088.0
No,29.0,Female,Married,No,Yes,35688.0
No,36.0,Male,Married,No,Yes,44256.0
No,35.0,Male,Single,No,Yes,79752.0
No,42.0,Male,Married,No,Yes,25116.0
No,47.0,Male,Married,Yes,No,142188.0
No,31.0,Male,Married,Yes,Yes,28272.0
No,46.0,Female,Single,No,No,41076.0
No,45.0,Male,Divorced,Yes,No,129132.0
No,38.0,Male,Married,Yes,No,80076.0
No,34.0,Female,Married,No,Yes,32904.0
No,46.0,Female,Divorced,No,No,125436.0
No,35.0,Male,Married,Yes,Yes,70992.0
No,32.0,Male,Married,No,Yes,41196.0
No,36.0,Male,Married,Yes,No,66744.0
No,49.0,Female,Single,Yes,No,223980.0
No,36.0,Male,Single,No,No,24156.0
No,43.0,Female,Single,No,Yes,56868.0
No,27.0,Male,Married,No,Yes,55452.0
No,52.0,Male,Divorced,No,Yes,41784.0
No,58.0,Female,Married,Yes,No,120096.0
No,53.0,Female,Married,Yes,Yes,131208.0
No,36.0,Male,Divorced,Yes,No,73608.0
No,25.0,Male,Married,No,No,51072.0
No,29.0,Male,Single,No,Yes,26412.0
No,27.0,Female,Divorced,No,No,28092.0
No,28.0,Male,Divorced,No,Yes,18756.0
No,27.0,Male,Divorced,No,No,24288.0
No,29.0,Female,Divorced,Yes,No,99216.0
No,24.0,Male,Married,No,Yes,25740.0
No,38.0,Female,Single,Yes,Yes,51804.0
No,50.0,Male,Married,Yes,Yes,38652.0
No,29.0,Male,Married,No,Yes,45744.0
No,25.0,Male,Married,No,Yes,25152.0
No,32.0,Female,Single,No,Yes,48300.0
No,24.0,Male,Married,No,Yes,28800.0
No,33.0,Female,Single,No,No,63888.0
No,37.0,Male,Married,Yes,No,42768.0
No,27.0,Female,Single,No,No,81732.0
No,44.0,Female,Married,No,Yes,57216.0
No,38.0,Female,Married,Yes,Yes,64860.0
No,36.0,Male,Married,Yes,Yes,40656.0
No,26.0,Male,Single,Yes,Yes,34500.0
No,31.0,Female,Divorced,No,No,33468.0
No,29.0,Male,Married,No,No,33648.0
No,35.0,Male,Single,No,Yes,50760.0
No,47.0,Female,Divorced,Yes,Yes,165240.0
No,20.0,Female,Single,No,Yes,24528.0
No,42.0,Female,Single,Yes,No,78540.0
No,50.0,Male,Divorced,Yes,No,130248.0
No,32.0,Male,Married,No,Yes,115320.0
No,26.0,Male,Divorced,No,Yes,28524.0
No,25.0,Male,Married,No,No,52800.0
No,44.0,Male,Single,No,Yes,44496.0
No,34.0,Female,Divorced,Yes,Yes,30948.0
Yes,28.0,Male,Divorced,Yes,Yes,32436.0
Yes,19.0,Male,Single,No,Yes,13224.0
Yes,31.0,Male,Married,Yes,Yes,67404.0
Yes,37.0,Male,Single,Yes,No,91704.0
Yes,22.0,Male,Married,Yes,Yes,34236.0
Yes,31.0,Female,Single,No,No,15132.0
Yes,27.0,Female,Single,Yes,Yes,28548.0
Yes,26.0,Female,Married,Yes,Yes,49884.0
Yes,29.0,Female,Divorced,Yes,Yes,33600.0
Yes,26.0,Male,Single,No,No,59628.0
Yes,31.0,Female,Single,Yes,No,27624.0
Yes,29.0,Female,Married,Yes,Yes,26016.0
Yes,26.0,Female,Divorced,Yes,Yes,32892.0
Yes,23.0,Male,Married,Yes,No,19212.0
Yes,34.0,Female,Single,Yes,No,55188.0
Yes,21.0,Female,Single,No,Yes,31500.0
Yes,31.0,Female,Divorced,Yes,Yes,13548.0
Yes,28.0,Male,Married,Yes,No,28896.0
Yes,20.0,Female,Single,Yes,Yes,35112.0
Yes,33.0,Male,Single,Yes,No,27756.0
Yes,28.0,Female,Single,Yes,No,26592.0
Yes,26.0,Male,Single,Yes,Yes,28080.0
No,46.0,Female,Married,Yes,Yes,108852.0
No,20.0,Female,Single,No,No,34032.0
No,39.0,Female,Married,No,Yes,152904.0
No,27.0,Female,Single,No,Yes,78000.0
